{"cameraMode":{"drawMode":0,"name":"Shaded","section":"Shading Mode"},"sceneLighting":true,"audioPlay":false,"sceneViewState":{"showFog":true,"showMaterialUpdate":false,"showSkybox":true,"showFlares":true,"showImageEffects":true,"showParticleSystems":true},"in2DMode":false,"pivot":{"x":24.040332794189454,"y":43.932456970214847,"z":-146.96713256835938},"rotation":{"x":0.3945183753967285,"y":-0.05041106045246124,"z":-0.021682433784008027,"w":-0.9172519445419312},"size":26.898164749145509,"orthographic":false}